district_id,NABOVE,NBELOW,LOWINC,PERASIAN,PERBLACK,PERHISP,PERMINTE,AVYRSEXP,AVSALK,PERSPENK,PTRATIO,PCTAF,PCTCHRT,PCTYRRND,PERMINTE_AVYRSEXP,PERMINTE_AVSAL,AVYRSEXP_AVSAL,PERSPEN_PTRATIO,PERSPEN_PCTAF,PTRATIO_PCTAF,PERMINTE_AVYRSEXP_AVSAL,PERSPEN_PTRATIO_PCTAF,total_tested,pct_above_math_median,pct_below_math_median,performance_band
CA_STAR98_001,452.0,355.0,34.3973,23.2993,14.2353,11.4111,15.9184,14.7065,59.1573,4.4452,21.7102,57.0328,0.0,22.2222,234.1029,941.6881,869.9948,96.5066,253.5224,1238.1955,13848.8985,5504.0352,807.0,56.01,43.99,Average performer
CA_STAR98_002,144.0,40.0,17.3651,29.3284,8.2349,9.3149,13.6364,16.0832,59.504,5.2676,20.4428,64.6226,0.0,0.0,219.3169,811.4176,957.0166,107.6844,340.4061,1321.0664,13050.2233,6958.8468,184.0,78.26,21.74,High performer
CA_STAR98_003,337.0,234.0,32.6432,9.2264,42.4063,13.5437,28.8344,14.5956,60.5699,5.4829,18.9542,53.9419,0.0,0.0,420.8545,1746.4949,884.0537,103.9244,295.7593,1022.4252,25491.1232,5605.8777,571.0,59.02,40.98,Average performer
CA_STAR98_004,395.0,178.0,11.9095,13.8831,3.797,11.4431,11.1111,14.3894,58.3341,4.1651,21.6354,49.061,0.0,7.1429,159.8821,648.1567,839.3923,90.1134,204.3438,1061.4545,9326.5797,4421.0568,573.0,68.94,31.06,Average performer
CA_STAR98_005,8.0,57.0,36.8889,12.1875,76.875,7.6042,43.5897,13.9057,63.1536,4.3249,18.7798,52.381,0.0,0.0,606.145,2752.8508,878.1943,81.221,226.5425,983.7059,38280.2616,4254.4314,65.0,12.31,87.69,Needs attention
CA_STAR98_006,1348.0,899.0,20.9315,28.0235,4.6432,13.8082,15.3785,14.9776,66.9706,3.9161,24.5191,44.9158,0.0,2.381,230.3321,1029.9059,1003.0548,96.0195,175.8949,1101.2963,15425.4676,4312.7908,2247.0,59.99,40.01,Average performer
CA_STAR98_007,477.0,887.0,53.269,8.4479,19.3748,37.9053,25.5255,14.6783,57.622,4.2709,22.2128,32.2892,0.0,12.1212,374.6711,1470.8308,845.7917,94.8686,137.9039,717.232,21589.2812,3063.2283,1364.0,34.97,65.03,Needs attention
CA_STAR98_008,565.0,347.0,15.1901,3.6658,2.6497,13.0921,6.203,13.662,63.4474,4.3097,24.5903,30.4527,0.0,0.0,84.7453,393.5647,866.8165,105.9775,131.2429,748.8391,5376.8695,3227.2972,912.0,61.95,38.05,Average performer
CA_STAR98_009,205.0,320.0,28.2158,10.4304,6.7864,32.3343,13.4615,16.4176,57.8456,4.5276,21.7414,22.6457,0.0,0.0,221.0062,778.6914,949.6866,98.4363,102.5309,492.3496,12784.2439,2229.1637,525.0,39.05,60.95,Needs attention
CA_STAR98_010,469.0,598.0,32.779,17.1783,12.4849,28.3233,27.2599,12.5186,57.8014,4.6489,20.2601,26.071,0.0,0.0,341.2567,1575.6601,723.595,94.1875,121.2019,528.2009,19725.1213,2455.562,1067.0,43.96,56.04,Needs attention
CA_STAR98_011,784.0,2232.0,59.9729,17.5174,50.9409,23.1013,52.3434,16.9328,57.4344,4.6931,21.3149,19.5322,3.2967,13.1868,886.3226,3006.3162,972.5276,100.0322,91.6658,416.3258,50905.4405,1953.8459,3016.0,25.99,74.01,Needs attention
CA_STAR98_012,209.0,26.0,0.0,19.7489,1.8645,2.5875,7.4074,15.8698,52.1935,5.2487,18.5118,80.3798,0.0,0.0,117.554,386.6182,828.2992,97.1629,421.8886,1487.9755,6135.5497,7809.9264,235.0,88.94,11.06,High performer
CA_STAR98_013,195.0,361.0,28.1211,12.692,19.2658,26.842,13.3721,14.4286,57.2404,3.9806,21.8984,31.6583,0.0,9.0909,192.9411,765.4244,825.9018,87.1687,126.0186,693.2672,11044.0338,2759.6116,556.0,35.07,64.93,Needs attention
CA_STAR98_014,206.0,482.0,36.9905,10.0324,15.423,30.7443,13.5076,13.2975,58.4137,4.1976,23.1294,31.1508,0.0,0.0,179.6181,789.0312,776.7585,97.0884,130.759,720.5,10492.1659,3024.3817,688.0,29.94,70.06,Needs attention
CA_STAR98_015,136.0,116.0,12.928,7.173,4.8259,13.2384,6.1856,17.4711,65.5709,5.382,20.6833,34.8315,0.0,0.0,108.0685,405.5929,1145.5937,111.3179,187.4632,720.4306,7086.1468,3877.3639,252.0,53.97,46.03,Average performer
CA_STAR98_016,694.0,231.0,4.7009,8.7367,1.7457,6.932,7.1279,16.1818,67.3676,4.6077,24.6511,39.6342,0.0,0.0,115.3417,480.188,1090.1255,113.584,182.6212,977.0238,7770.2872,4501.8062,925.0,75.03,24.97,High performer
CA_STAR98_017,204.0,173.0,20.2598,0.4857,0.8025,5.9768,2.439,15.3095,51.3116,4.0256,24.8229,36.194,0.0,91.6667,37.3402,125.1503,785.5549,99.927,145.7024,898.4415,1915.9872,3616.7599,377.0,54.11,45.89,Average performer
CA_STAR98_018,31.0,38.0,42.6683,2.8369,0.9456,23.8771,10.6383,11.8396,55.9903,5.1516,17.9121,24.4444,0.0,0.0,125.9534,595.6418,662.9041,92.2764,125.9286,437.851,7052.1728,2255.6446,69.0,44.93,55.07,Needs attention
CA_STAR98_019,601.0,491.0,33.1292,6.3054,2.7662,12.8662,6.1728,14.6014,58.5586,4.0044,22.7301,49.6552,4.3478,26.087,90.1324,361.4729,855.0399,91.0204,198.8392,1128.666,5278.0244,4519.6312,1092.0,55.04,44.96,Average performer
CA_STAR98_020,64.0,51.0,29.393,1.0712,0.7651,9.7169,4.4776,14.0453,53.7723,4.518,21.1851,51.0204,0.0,0.0,62.8893,240.7715,755.2465,95.7148,230.512,1080.8704,3381.7007,4883.4094,115.0,55.65,44.35,Average performer
CA_STAR98_021,51.0,88.0,52.9931,6.2174,0.3322,38.7281,7.619,14.174,50.6951,4.1141,20.4114,23.2759,0.0,0.0,107.992,386.2486,718.5501,83.9737,95.7584,475.092,5474.6677,1954.5592,139.0,36.69,63.31,Needs attention
CA_STAR98_022,220.0,229.0,35.0884,0.8292,0.3881,4.6224,4.1353,14.3022,55.2787,4.1482,21.9195,25.0,23.0769,15.3846,59.1445,228.5963,790.6081,90.927,103.7057,547.9868,3269.4319,2273.174,449.0,49.0,51.0,Needs attention
CA_STAR98_023,151.0,158.0,37.2044,0.5699,1.114,6.3212,5.3571,13.6025,50.6685,3.9754,24.8692,22.9787,0.0,8.3333,72.8704,271.4384,689.2166,98.8661,91.3507,571.4619,3692.232,2271.8172,309.0,48.87,51.13,Needs attention
CA_STAR98_024,36.0,80.0,54.2683,0.5498,0.5498,40.7453,7.4074,14.871,52.537,4.2054,19.4451,36.2832,0.0,0.0,110.1559,389.1629,781.2804,81.7737,152.5839,705.5306,5787.2616,2967.0117,116.0,31.03,68.97,Needs attention
CA_STAR98_025,15.0,66.0,65.824,0.2641,3.8732,58.8908,6.5574,10.9265,46.2918,4.4698,19.5255,37.931,0.0,0.0,71.6493,303.5527,505.8082,87.275,169.544,740.6216,3316.7749,3310.4288,81.0,18.52,81.48,Needs attention
CA_STAR98_026,5.0,61.0,78.5408,1.2821,0.0,78.4188,20.8333,11.4779,49.2672,3.8933,21.1231,19.2308,0.0,0.0,239.1225,1026.3996,565.4829,82.2394,74.8719,406.2137,11780.8918,1581.5267,66.0,7.58,92.42,Needs attention
CA_STAR98_027,541.0,718.0,30.0755,3.6262,10.5039,20.9443,8.6657,13.6911,62.3412,4.0114,23.889,23.8544,0.0,72.2222,118.6435,540.2332,853.5184,95.8283,95.6895,569.8601,7396.3767,2285.9313,1259.0,42.97,57.03,Needs attention
CA_STAR98_028,86.0,104.0,28.246,6.8934,19.8186,16.78,12.7451,15.9156,59.1765,4.2257,22.1838,18.0,0.0,0.0,202.8453,754.2108,941.827,93.7429,76.0633,399.3082,12003.6796,1687.3719,190.0,45.26,54.74,Needs attention
CA_STAR98_029,142.0,180.0,22.3337,2.5237,3.311,14.031,10.3093,16.1569,59.2307,4.1144,21.7433,34.4262,0.0,0.0,166.5656,610.6261,956.9825,89.4611,141.6439,748.5405,9865.8,3079.8087,322.0,44.1,55.9,Needs attention
CA_STAR98_030,1365.0,1029.0,22.6246,7.6979,4.9022,16.7769,9.4216,15.3237,57.1286,3.9287,22.1416,37.6384,0.0,0.0,144.3734,538.2418,875.4201,86.9877,147.8698,833.3747,8247.8456,3274.0759,2394.0,57.02,42.98,Average performer
CA_STAR98_031,201.0,447.0,51.7849,4.5989,27.7968,35.1016,30.0248,15.9749,58.7889,4.0492,22.873,85.1117,0.0,8.3333,479.643,1765.1264,939.1467,92.6169,344.6325,1946.759,28197.7009,7882.7796,648.0,31.02,68.98,Needs attention
CA_STAR98_032,585.0,1364.0,51.2385,13.0202,35.1012,25.527,25.8269,17.1898,62.6641,4.3479,22.8705,36.5,0.0,8.4746,443.9581,1618.4182,1077.1815,99.4395,158.6997,834.7733,27820.2365,3629.5407,1949.0,30.02,69.98,Needs attention
CA_STAR98_033,1247.0,170.0,1.8953,9.9252,1.6337,4.2763,4.5035,15.9237,59.9769,4.0352,23.3469,50.745,0.0,0.0,71.7118,270.104,955.0542,94.209,204.7658,1184.7376,4301.0522,4780.6402,1417.0,88.0,12.0,High performer
CA_STAR98_034,165.0,238.0,42.5114,6.2524,0.4103,10.1798,8.0769,14.7095,58.2338,4.7333,20.6736,15.5039,0.0,0.0,118.8073,470.35,856.5891,97.8541,73.3842,320.5216,6918.6039,1517.1186,403.0,40.94,59.06,Needs attention
CA_STAR98_035,135.0,194.0,45.4234,1.5012,0.9041,26.2709,5.3381,14.357,55.7401,4.3238,21.5346,86.722,0.0,0.0,76.6389,297.5452,800.2629,93.1102,374.9646,1867.5218,4271.8656,8074.7051,329.0,41.03,58.97,Needs attention
CA_STAR98_036,106.0,87.0,30.1696,0.7974,0.5159,2.2514,1.9048,14.2323,51.8224,4.031,21.473,32.4561,0.0,0.0,27.1092,98.7093,737.5531,86.557,130.83,696.9291,1404.8631,2809.3058,193.0,54.92,45.08,Average performer
CA_STAR98_037,1496.0,771.0,23.4334,11.7506,2.8714,19.031,15.9442,11.8789,53.1581,4.2427,22.7052,40.5063,0.0,0.0,189.3991,847.5608,631.4594,96.3313,171.8563,919.7031,10068.0897,3902.0262,2267.0,65.99,34.01,Average performer
CA_STAR98_038,68.0,204.0,57.9224,0.8717,0.6476,68.7422,18.9349,11.1979,61.0854,4.2584,24.4786,14.8352,0.0,0.0,212.0307,1156.6473,684.0268,104.2403,63.1744,363.1439,12951.9862,1546.4213,272.0,25.0,75.0,Needs attention
CA_STAR98_039,55.0,89.0,60.5991,7.1966,0.8467,72.3424,24.7619,11.8363,51.5373,3.8078,21.07,38.7931,0.0,0.0,293.0898,1276.1625,610.0124,80.2303,147.716,817.3722,15105.0672,3112.3816,144.0,38.19,61.81,Needs attention
CA_STAR98_040,1455.0,3563.0,62.0198,19.6518,11.3157,45.2396,23.4048,14.68,61.0953,4.6856,22.2597,27.4756,0.0,31.1111,343.5823,1429.9263,896.8766,104.3012,128.7408,611.5992,20991.2614,2865.7356,5018.0,29.0,71.0,Needs attention
CA_STAR98_041,84.0,112.0,35.6034,2.5188,0.3751,67.7385,7.9137,15.3452,54.7022,6.8367,21.1444,41.579,71.4286,0.0,121.4365,432.8953,839.4143,144.5574,284.2626,879.1599,6642.8471,6010.547,196.0,42.86,57.14,Needs attention
CA_STAR98_042,136.0,481.0,63.1713,1.4062,0.601,71.3582,16.792,14.4615,55.1848,4.4787,22.2565,16.7866,0.0,6.25,242.8371,926.6617,798.0541,99.6793,75.1813,373.6106,13400.9092,1673.2739,617.0,22.04,77.96,Needs attention
CA_STAR98_043,6.0,58.0,72.9167,1.2387,0.5631,70.045,3.9216,11.5576,39.7284,3.8991,18.2365,13.0435,0.0,0.0,45.324,155.7975,459.1656,71.1066,50.8582,237.8676,1800.6495,927.477,64.0,9.38,90.62,Needs attention
CA_STAR98_044,21.0,168.0,91.6048,0.2144,0.1072,98.821,62.1849,11.9275,55.5273,4.2231,21.6865,13.3858,0.0,40.0,741.7125,3452.9573,662.304,91.585,56.53,290.2923,41185.2864,1225.9411,189.0,11.11,88.89,Needs attention
CA_STAR98_045,132.0,420.0,57.0025,4.3229,0.5859,70.6641,23.4807,14.0044,52.1553,4.3821,21.7115,23.0233,0.0,0.0,328.8333,1224.6399,730.4047,95.1412,100.8893,499.8702,17150.3841,2190.4617,552.0,23.91,76.09,Needs attention
CA_STAR98_046,78.0,212.0,69.6452,3.9723,1.0204,76.7128,27.6,13.0119,53.5316,4.18,22.501,14.6919,0.0,0.0,359.1279,1477.4733,696.5473,94.0551,61.4128,330.5838,19224.7048,1381.8524,290.0,26.9,73.1,Needs attention
CA_STAR98_047,16.0,130.0,87.8372,0.4054,1.2162,90.4504,32.4074,10.3756,51.4006,4.3177,20.4906,30.8511,0.0,0.0,336.2466,1665.759,533.3122,88.4727,133.2065,632.1558,17283.266,2729.4768,146.0,10.96,89.04,Needs attention
CA_STAR98_048,211.0,374.0,49.2508,10.153,7.8742,42.3237,16.5394,10.0809,54.5687,4.0061,22.5917,37.6667,0.0,76.9231,166.7324,902.5364,550.102,90.5052,150.8971,850.9556,9098.3792,3409.0286,585.0,36.07,63.93,Needs attention
CA_STAR98_049,82.0,192.0,69.4981,5.35,0.313,70.4326,22.6415,12.3231,54.546,4.2831,22.1542,40.0,0.0,60.0,279.0145,1235.004,672.1781,94.8888,171.324,886.1696,15219.1276,3795.5539,274.0,29.93,70.07,Needs attention
CA_STAR98_050,16.0,139.0,87.7772,0.5335,0.582,97.7692,40.0,12.2075,60.3032,3.9338,25.6375,47.1698,0.0,0.0,488.3012,2412.1272,736.1529,100.8522,185.5555,1209.316,29446.1152,4757.1795,155.0,10.32,89.68,Needs attention
CA_STAR98_051,35.0,109.0,86.546,1.7137,0.2016,92.2379,26.087,14.5807,62.7583,5.2428,21.7211,19.1781,0.0,0.0,380.3651,1637.1722,915.0569,113.8795,100.5468,416.5696,23871.0515,2183.9909,144.0,24.31,75.69,Needs attention
CA_STAR98_052,90.0,53.0,21.6047,0.5405,0.2911,7.4844,1.5267,17.1124,62.5228,5.88,19.4851,26.3736,0.0,0.0,26.1258,95.4547,1069.9168,114.5718,155.076,513.8933,1633.4612,3021.6754,143.0,62.94,37.06,Average performer
CA_STAR98_053,23.0,44.0,64.8508,0.6671,3.0687,64.5097,14.9254,11.3692,47.7326,3.5119,21.4887,10.6667,0.0,0.0,169.6892,712.4263,542.6802,75.4662,37.4603,229.2131,8099.7025,804.9734,67.0,34.33,65.67,Needs attention
CA_STAR98_054,76.0,62.0,53.125,21.7523,0.9063,20.7452,4.6512,15.7361,60.0207,4.3252,24.4811,47.1154,0.0,0.0,73.1911,279.1659,944.4899,105.8847,203.7813,1153.4377,4392.9765,4988.7959,138.0,55.07,44.93,Average performer
CA_STAR98_055,73.0,110.0,44.9747,1.3484,0.8264,33.1883,5.9322,16.2533,55.6538,4.6029,20.8554,49.1936,0.0,0.0,96.4178,330.1496,904.5568,95.9953,226.4331,1025.9502,5366.0145,4722.3492,183.0,39.89,60.11,Needs attention
CA_STAR98_056,38.0,50.0,76.3212,0.0,0.656,2.8426,30.0,14.7855,65.6655,5.7706,19.6496,25.9259,0.0,0.0,443.5662,1969.9641,970.8994,113.3895,149.6073,509.4352,29126.983,2939.7294,88.0,43.18,56.82,Needs attention
CA_STAR98_057,23.0,86.0,33.9167,0.7148,1.1696,2.989,0.0,15.7926,56.0559,4.4279,21.3154,44.7059,0.0,0.0,0.0,0.0,885.2696,94.382,197.9519,952.9255,0.0,4219.4322,109.0,21.1,78.9,Needs attention
CA_STAR98_058,40.0,19.0,11.7162,0.5,0.0,4.6667,0.0,15.5122,54.6457,4.8939,20.3215,34.1463,0.0,0.0,0.0,0.0,847.6746,99.4507,167.1073,693.9062,0.0,3395.8778,59.0,67.8,32.2,Average performer
CA_STAR98_059,67.0,306.0,54.2567,0.5188,0.2779,80.2112,35.0427,14.9565,66.5302,4.3047,23.7808,33.8983,0.0,0.0,524.1171,2331.4022,995.0603,102.3694,145.9226,806.1272,34869.6411,3470.148,373.0,17.96,82.04,Needs attention
CA_STAR98_060,91.0,415.0,43.9548,1.4329,0.0551,97.52,70.0997,14.5878,67.3701,4.2666,23.5719,15.8257,0.0,0.0,1022.5965,4722.619,982.7776,100.5723,67.5222,373.0417,68892.3849,1591.6266,506.0,17.98,82.02,Needs attention
CA_STAR98_061,36.0,62.0,74.3017,0.4219,5.5556,71.5893,40.5797,12.2171,53.5197,4.5182,20.625,29.4118,0.0,0.0,495.766,2171.8155,653.8555,93.1888,132.8895,606.6176,26533.2658,2740.8455,98.0,36.73,63.27,Needs attention
CA_STAR98_062,133.0,445.0,62.1001,1.5542,2.9427,82.6443,33.4129,15.2063,66.1251,4.4532,23.3214,31.3029,0.0,0.0,508.0864,2209.4304,1005.518,103.854,139.3969,730.0267,33597.2609,3250.9285,578.0,23.01,76.99,Needs attention
CA_STAR98_063,19.0,143.0,63.918,0.399,0.1496,70.4738,26.8817,11.607,56.6226,4.2458,21.6851,32.1429,0.0,0.0,312.0164,1522.1121,657.2187,92.071,136.4725,697.0224,17667.17,2959.4255,162.0,11.73,88.27,Needs attention
CA_STAR98_064,75.0,104.0,39.9445,0.7492,2.6884,60.7757,24.5283,9.2248,51.167,3.7089,20.8569,34.9206,0.0,0.0,226.2682,1255.0403,472.0047,77.3552,129.5157,728.335,11577.4741,2701.292,179.0,41.9,58.1,Needs attention
CA_STAR98_065,4.0,46.0,76.8279,0.0,3.0058,31.0983,20.4082,15.3185,60.1411,5.3552,18.9918,19.3548,0.0,0.0,312.6228,1227.3688,921.2723,101.704,103.6483,367.5827,18801.4733,1968.4644,50.0,8.0,92.0,Needs attention
CA_STAR98_066,126.0,44.0,25.5885,0.7624,0.5083,11.0123,5.4545,16.5099,59.8056,4.3492,23.4504,40.7186,0.0,0.0,90.0541,326.2121,987.3848,101.9908,177.0941,954.8645,5385.7351,4152.9176,170.0,74.12,25.88,High performer
CA_STAR98_067,104.0,446.0,68.6434,0.7808,1.7289,76.8879,31.8182,12.2116,58.8617,3.7149,25.991,14.0351,0.0,0.0,388.5518,1872.8718,718.7972,96.5543,52.1392,364.7855,22870.818,1355.1488,550.0,18.91,81.09,Needs attention
CA_STAR98_068,45.0,142.0,40.599,1.107,14.8708,24.5388,7.6271,15.2443,63.0422,4.5726,24.42,32.4841,0.0,37.5,116.2699,480.8304,961.0323,111.6632,148.5372,793.2606,7329.9079,3627.2752,187.0,24.06,75.94,Needs attention
CA_STAR98_069,75.0,92.0,31.8605,2.0147,12.437,7.4777,9.8485,15.3267,63.498,5.7676,20.3072,32.8,0.0,0.0,150.9445,625.3591,973.2129,117.1238,189.1771,666.0768,9584.6726,3841.6606,167.0,44.91,55.09,Needs attention
CA_STAR98_070,68.0,151.0,49.351,1.6974,8.2192,31.9833,9.4595,13.0843,58.1592,4.2844,23.427,15.493,0.0,33.3333,123.77,550.1546,760.9701,100.3717,66.3787,362.9536,7198.3662,1555.0546,219.0,31.05,68.95,Needs attention
CA_STAR98_071,58.0,135.0,51.4624,0.3612,0.7553,17.7668,2.7397,14.437,62.6331,5.7637,21.0566,17.7914,0.0,0.0,39.5533,171.5975,904.2322,121.3638,102.5444,374.6262,2477.3484,2159.2337,193.0,30.05,69.95,Needs attention
CA_STAR98_072,156.0,168.0,24.995,0.4204,2.7227,17.3974,4.5249,14.79,60.4551,4.3081,22.8716,29.7297,0.0,0.0,66.9231,273.5524,894.1308,98.534,128.0795,679.968,4045.8407,2929.3891,324.0,48.15,51.85,Needs attention
CA_STAR98_073,43.0,212.0,65.8903,0.4718,4.3953,78.9173,21.1009,14.9327,61.8039,4.1399,24.5117,14.0152,0.0,0.0,315.0935,1304.1192,922.8985,101.4771,58.0218,343.5357,19474.007,1422.2162,255.0,16.86,83.14,Needs attention
CA_STAR98_074,208.0,255.0,32.5987,2.2335,4.7996,10.8982,5.6291,14.351,62.4532,4.5376,22.0416,38.6628,0.0,0.0,80.7839,351.5575,896.2664,100.0151,175.4351,852.1886,5045.2082,3866.8645,463.0,44.92,55.08,Needs attention
CA_STAR98_075,18.0,182.0,81.9646,0.3115,0.2336,92.0171,31.8966,13.1325,55.3699,4.428,22.5086,23.6842,0.0,0.0,418.8802,1766.1075,727.1425,99.6689,104.8748,533.0975,23193.3362,2360.5801,200.0,9.0,91.0,Needs attention
CA_STAR98_076,47.0,44.0,37.832,0.3584,0.8602,13.6918,8.3333,10.3814,55.9421,4.099,24.9217,0.0,0.0,0.0,86.5119,466.1839,580.7587,102.1541,0.0,0.0,4839.6555,0.0,91.0,51.65,48.35,Average performer
CA_STAR98_077,45.0,152.0,64.2792,0.4638,4.0507,79.3754,17.3611,15.3154,66.4042,4.6059,22.6764,15.5844,0.0,0.0,265.8932,1152.8506,1017.0102,104.4441,71.7797,353.3978,17656.426,1627.701,197.0,22.84,77.16,Needs attention
CA_STAR98_078,14.0,147.0,86.4936,0.0,0.7341,89.9674,15.5963,11.0607,57.6416,4.5435,21.7528,26.1905,0.0,0.0,172.5057,898.997,637.5538,98.8335,118.9962,569.7155,9943.4996,2588.4978,161.0,8.7,91.3,Needs attention
CA_STAR98_079,91.0,74.0,45.5702,0.9542,1.3359,22.0897,7.2072,14.7578,54.0406,4.8323,20.0833,50.9434,0.0,0.0,106.3626,389.4818,797.5209,97.0491,246.1748,1023.1131,5747.8983,4944.01,165.0,55.15,44.85,Average performer
CA_STAR98_080,52.0,154.0,73.609,0.8296,5.9668,9.6043,6.3291,13.7825,54.44,4.3544,20.6129,10.6061,0.0,100.0,87.231,344.5566,750.3186,89.7566,46.1829,218.6217,4748.852,951.9635,206.0,25.24,74.76,Needs attention
CA_STAR98_081,85.0,62.0,46.2952,0.6597,1.8692,15.668,3.4483,15.1313,58.9621,4.3614,21.417,28.421,0.0,0.0,52.1769,203.3177,892.1744,93.4075,123.9545,608.695,3076.4636,2654.7388,147.0,57.82,42.18,Average performer
CA_STAR98_082,77.0,39.0,26.7958,0.7238,0.3619,8.6852,1.2048,11.2952,50.0964,3.9324,19.1505,40.6977,0.0,0.0,13.6086,60.3571,565.847,75.3072,160.0391,779.3803,681.7432,3064.8274,116.0,66.38,33.62,Average performer
CA_STAR98_083,23.0,38.0,52.9171,1.7329,2.8542,8.2569,6.25,14.9871,59.9954,5.0225,21.8996,37.7049,0.0,0.0,93.6692,374.9712,899.1553,109.9913,189.3742,825.7212,5619.7204,4147.2118,61.0,37.7,62.3,Needs attention
CA_STAR98_084,8.0,35.0,41.9708,0.0,0.5714,9.1429,3.0303,17.9043,55.1768,5.26,18.9655,18.1818,0.0,0.0,54.2554,167.2026,987.9023,99.7578,95.6356,344.8277,2993.6434,1813.7791,43.0,18.6,81.4,Needs attention
CA_STAR98_085,879.0,720.0,30.5055,32.4654,10.4014,32.6598,36.0041,15.2576,59.2891,4.2197,22.5768,49.7326,0.0,3.3333,549.3341,2134.648,904.6068,95.2665,209.855,1122.8029,32569.5192,4737.8522,1599.0,54.97,45.03,Average performer
CA_STAR98_086,640.0,131.0,8.3622,52.594,1.213,9.8884,8.9005,15.982,64.4155,4.1662,24.2746,60.8401,0.0,27.2727,142.2483,573.3314,1029.4887,101.1333,253.4732,1476.8693,9162.9888,6152.9596,771.0,83.01,16.99,High performer
CA_STAR98_087,200.0,600.0,70.7383,0.9596,3.1528,78.9411,25.9557,14.4988,64.611,4.3792,23.9819,19.4245,0.0,11.1111,376.3282,1677.0264,936.7856,105.0224,85.0644,465.8347,24314.9549,2040.0033,800.0,25.0,75.0,Needs attention
CA_STAR98_088,268.0,761.0,62.8717,4.7238,1.7938,85.47,27.212,15.0621,67.84,3.8191,27.5054,26.7716,0.0,0.0,409.8704,1846.0624,1021.8129,105.0464,102.2441,736.3655,27805.5942,2812.2666,1029.0,26.04,73.96,Needs attention
CA_STAR98_089,108.0,291.0,79.6766,2.1029,2.1029,89.1434,45.6,14.3998,62.0846,4.4321,23.5597,20.9876,0.0,0.0,656.6318,2831.0582,894.0072,104.4179,93.0186,494.4619,40766.7287,2191.4873,399.0,27.07,72.93,Needs attention
CA_STAR98_090,260.0,667.0,49.1722,5.5754,18.1586,38.4801,12.2744,13.0423,58.5505,3.9882,23.8852,17.9973,0.0,7.1429,160.0858,718.6708,763.6323,95.2586,71.7765,429.8692,9373.1051,1714.3972,927.0,28.05,71.95,Needs attention
CA_STAR98_091,346.0,71.0,9.7335,10.9398,3.5714,4.0977,10.8197,18.2,62.4558,6.0158,17.7247,61.8844,0.0,0.0,196.918,675.7507,1136.6948,106.6274,372.2814,1096.8813,12298.663,6598.5723,417.0,82.97,17.03,High performer
CA_STAR98_092,426.0,378.0,25.844,5.866,4.8238,27.5831,9.5012,16.892,62.0218,4.0541,24.1142,51.7647,0.0,0.0,160.4942,589.2804,1047.6722,97.7624,209.8612,1248.2666,9954.1304,5060.6427,804.0,52.99,47.01,Average performer
CA_STAR98_093,436.0,556.0,37.6798,5.6881,2.7747,36.9589,13.1667,14.4694,62.4004,4.1382,23.9577,32.4291,0.0,5.2632,190.5136,821.6059,902.8955,99.1415,134.198,776.9254,11888.1275,3215.0694,992.0,43.95,56.05,Needs attention
CA_STAR98_094,209.0,255.0,23.9477,5.2656,4.871,36.6161,11.7647,15.3225,61.5347,4.0249,24.123,38.7255,0.0,0.0,180.2652,723.9376,942.8674,97.0919,155.8653,934.1738,11092.562,3759.9329,464.0,45.04,54.96,Needs attention
CA_STAR98_095,338.0,145.0,20.807,10.1118,12.0012,20.8736,11.7089,13.9078,61.4477,4.4011,21.542,53.1697,0.0,0.0,162.8439,719.482,854.5987,94.8097,234.0078,1145.3839,10006.3765,5041.0041,483.0,69.98,30.02,Average performer
CA_STAR98_096,450.0,508.0,37.645,8.5484,5.7989,50.83,14.2599,13.9005,62.29,4.2658,24.2564,42.0844,0.0,0.0,198.2196,888.2515,865.8601,103.4731,179.5241,1020.8168,12347.104,4354.6073,958.0,46.97,53.03,Needs attention
CA_STAR98_097,144.0,244.0,33.5117,10.2024,17.9127,36.8122,18.6508,15.385,62.132,4.2826,22.9573,41.1765,0.0,0.0,286.9428,1158.8113,955.9024,98.3172,176.3428,945.3002,17828.3344,4048.3538,388.0,37.11,62.89,Needs attention
CA_STAR98_098,538.0,774.0,42.841,5.5956,4.8042,63.337,14.5995,12.2935,64.6319,3.9792,25.1415,23.2673,0.0,0.0,179.4784,943.5926,794.5513,100.0435,92.5858,584.9756,11600.0364,2327.7459,1312.0,41.01,58.99,Needs attention
CA_STAR98_099,71.0,202.0,61.4001,2.776,13.2076,61.9605,30.0,16.0684,59.3037,4.1797,25.2253,15.016,0.0,0.0,482.0526,1779.1122,952.9174,105.434,62.7622,378.7819,28587.5221,1583.1939,273.0,26.01,73.99,Needs attention
CA_STAR98_100,130.0,552.0,68.0851,0.6835,0.581,94.4805,51.8145,16.2743,65.653,4.3382,22.495,33.67,0.0,0.0,843.244,3401.7787,1068.4553,97.5889,146.0688,757.4083,55361.4988,3285.8214,682.0,19.06,80.94,Needs attention
CA_STAR98_101,125.0,87.0,13.8001,6.3208,3.3979,14.8703,4.7619,11.9277,57.362,4.7181,21.2887,38.9937,0.0,0.0,56.7984,273.1526,684.195,100.4427,183.9768,830.127,3258.0717,3916.6344,212.0,58.96,41.04,Average performer
CA_STAR98_102,1326.0,1001.0,50.674,12.1272,1.1199,23.8668,12.2396,13.2211,73.039,4.2249,26.6702,26.3866,0.0,34.4828,161.8206,893.9667,965.6552,112.6799,111.4815,703.7346,11819.214,2973.2342,2327.0,56.98,43.02,Average performer
CA_STAR98_103,339.0,245.0,14.8262,4.1191,1.2928,16.5653,6.3291,14.9927,63.7846,4.1304,24.9006,33.6,0.0,0.0,94.8903,403.7001,956.301,102.8484,138.7798,836.6615,6052.5379,3455.7048,584.0,58.05,41.95,Average performer
CA_STAR98_104,222.0,889.0,69.0083,0.1926,43.0914,55.3682,63.4391,15.0198,63.041,3.7483,27.4028,38.8889,0.0,57.8947,952.844,3999.2618,946.865,102.7146,145.7684,1065.6625,60068.232,3994.4548,1111.0,19.98,80.02,Needs attention
CA_STAR98_105,287.0,39.0,1.4218,26.2006,0.5414,3.0603,8.2051,15.0258,63.7916,4.7055,21.5962,66.1818,0.0,0.0,123.2885,523.4185,958.5196,101.6212,311.419,1429.2785,7864.7763,6725.4784,326.0,88.04,11.96,High performer
CA_STAR98_106,671.0,157.0,2.9717,7.5713,1.3664,4.9759,7.0248,17.007,64.7498,4.414,24.2391,60.6232,0.0,0.0,119.4707,454.8543,1101.2013,106.9927,267.594,1469.4544,7735.7115,6486.245,828.0,81.04,18.96,High performer
CA_STAR98_107,1930.0,3747.0,64.2387,14.1663,20.3369,40.4898,29.1088,13.3098,59.2982,4.2103,22.9831,41.3782,2.3256,19.7674,387.4316,1726.0959,789.2469,96.766,174.2151,951.0008,22973.9912,4004.0073,5677.0,34.0,66.0,Needs attention
CA_STAR98_108,9324.0,29528.0,73.1839,4.3087,13.7952,68.5242,45.4614,20.5457,73.0731,4.3653,23.421,49.3062,2.322,32.1981,934.0379,3322.0033,1501.3403,102.2389,215.2351,1154.7976,68253.0168,5041.0101,38852.0,24.0,76.0,Needs attention
CA_STAR98_109,113.0,826.0,59.2969,0.2246,12.0562,86.5273,52.4871,15.793,67.063,4.065,27.0596,15.0848,0.0,50.0,828.9299,3519.9461,1059.1269,109.9961,61.3188,408.1875,55590.5443,1659.2632,939.0,12.03,87.97,Needs attention
CA_STAR98_110,144.0,257.0,56.8986,1.9151,14.0646,48.0772,17.5439,14.4259,57.1933,4.0173,22.5547,25.9475,0.0,11.1111,253.0856,1003.3912,825.0637,90.6091,104.239,585.239,14474.8017,2351.082,401.0,35.91,64.09,Needs attention
CA_STAR98_111,377.0,1716.0,75.0343,4.8799,0.4471,90.5185,59.5298,16.9234,67.6059,3.8103,27.9958,28.5417,0.0,25.0,1007.4474,4024.567,1144.1225,106.6719,108.7519,799.0463,68109.397,3044.5942,2093.0,18.01,81.99,Needs attention
CA_STAR98_112,388.0,1048.0,44.022,4.9395,5.016,62.9763,29.22,15.6211,60.6656,3.6165,25.6258,21.5087,0.0,7.1429,456.4483,1772.6489,947.6616,92.6759,77.7862,551.177,27690.6899,1993.3346,1436.0,27.02,72.98,Needs attention
CA_STAR98_113,597.0,81.0,1.9436,30.0269,1.7232,3.9418,7.4742,18.9429,59.8212,3.9468,24.1144,89.1304,0.0,0.0,141.5833,447.1173,1133.1854,95.1745,351.7789,2149.3277,8469.6849,8482.9409,678.0,88.05,11.95,High performer
CA_STAR98_114,185.0,903.0,58.2284,1.7836,14.6146,75.7082,35.2484,11.8015,63.1907,4.3702,24.5058,5.4307,0.0,73.3333,415.9832,2227.3746,745.7426,107.0956,23.7334,133.0839,26286.272,581.6054,1088.0,17.0,83.0,Needs attention
CA_STAR98_115,365.0,987.0,61.8811,2.2219,32.0054,47.1119,42.1842,14.273,64.584,4.4436,23.8671,39.6552,0.0,0.0,602.094,2724.4228,921.8074,106.056,176.2117,946.4551,38885.6598,4205.6669,1352.0,27.0,73.0,Needs attention
CA_STAR98_116,575.0,1408.0,73.5053,6.3935,11.2338,71.2045,48.6986,16.6834,65.6288,4.0072,26.0442,8.2772,0.0,23.6842,812.4563,3196.0272,1094.9091,104.364,33.1682,215.573,53320.5051,863.8409,1983.0,29.0,71.0,Needs attention
CA_STAR98_117,246.0,19.0,0.2653,63.2023,0.4872,3.3452,6.9444,15.9079,57.5434,4.6193,22.1774,78.1893,0.0,0.0,110.4712,399.6068,915.392,102.4434,361.178,1734.0323,6356.8887,8009.9753,265.0,92.83,7.17,High performer
CA_STAR98_118,429.0,324.0,26.0906,5.5315,8.618,27.0765,22.2664,15.874,65.9634,5.0634,22.3153,65.1064,0.0,0.0,353.4568,1468.7681,1047.1035,112.9901,329.6564,1452.8671,23315.2251,7356.3746,753.0,56.97,43.03,Average performer
CA_STAR98_119,234.0,66.0,11.6788,32.0894,4.4678,18.2129,13.0178,16.1964,61.1696,4.0435,22.9909,64.0741,0.0,0.0,210.8413,796.2908,990.7307,92.9638,259.0834,1473.1231,12897.0845,5956.5718,300.0,78.0,22.0,High performer
CA_STAR98_120,237.0,139.0,27.322,38.1078,1.4455,20.3679,7.3593,13.7875,59.4173,4.0359,23.649,31.565,0.0,0.0,101.4664,437.2702,819.216,95.4446,127.3929,746.4789,6028.8622,3012.7074,376.0,63.03,36.97,Average performer
CA_STAR98_121,1108.0,624.0,17.7019,28.4769,3.9968,15.8333,19.6573,13.3186,59.5553,3.8221,23.7832,45.9566,0.0,0.0,261.8074,1170.6938,793.1937,90.902,175.6509,1092.9966,15592.0144,4177.5457,1732.0,63.97,36.03,Average performer
CA_STAR98_122,194.0,433.0,47.3072,9.4391,9.1227,58.1624,17.5202,13.9034,56.8414,3.9073,24.4227,29.0618,0.0,0.0,243.5905,995.8733,790.2877,95.4276,113.5542,709.766,13846.015,2773.2956,627.0,30.94,69.06,Needs attention
CA_STAR98_123,258.0,1585.0,78.4239,0.0545,35.7296,62.9274,80.1749,14.7932,58.9914,3.7431,28.1,41.7891,0.0,2.5641,1186.0398,4729.633,872.6689,105.1817,156.4216,1174.2711,69966.17,4395.4433,1843.0,14.0,86.0,Needs attention
CA_STAR98_124,609.0,1038.0,40.2361,16.4,2.5393,67.976,28.9036,17.3936,62.3253,4.1031,25.0561,38.6785,0.0,0.0,502.7377,1801.4287,1084.0595,102.8085,158.7032,969.131,31333.2755,3976.479,1647.0,36.98,63.02,Needs attention
CA_STAR98_125,606.0,607.0,33.8506,18.7812,6.6886,55.3509,29.1824,16.1731,62.2773,4.3697,24.4457,30.2619,0.0,0.0,471.9697,1817.4008,1007.2172,106.8199,132.2346,739.7741,29393.004,3232.5722,1213.0,49.96,50.04,Needs attention
CA_STAR98_126,831.0,340.0,6.1967,42.3139,5.7217,18.1805,17.7365,14.8244,60.5552,3.9828,24.2509,57.7855,0.0,0.0,262.9337,1074.0374,897.6981,96.5858,230.1468,1401.3473,15922.0139,5581.2582,1171.0,70.96,29.04,High performer
CA_STAR98_127,185.0,134.0,53.4557,36.4024,1.8896,43.4791,22.0657,14.1231,57.6633,3.815,23.1667,0.0,11.1111,0.0,311.6361,1272.3819,814.3828,88.3802,0.0,0.0,17969.9517,0.0,319.0,57.99,42.01,Average performer
CA_STAR98_128,109.0,83.0,28.1724,1.4432,1.7225,11.9181,7.4468,11.728,58.8802,3.8069,24.8222,0.0,0.0,0.0,87.3365,438.4694,690.549,94.4955,0.0,0.0,5142.3864,0.0,192.0,56.77,43.23,Average performer
CA_STAR98_129,242.0,57.0,7.1973,7.0038,1.8192,8.6593,7.9365,15.2172,64.2249,5.0939,21.5871,43.0894,0.0,0.0,120.7714,509.7214,977.3224,109.9632,219.4944,930.1763,7756.5267,4738.2509,299.0,80.94,19.06,High performer
CA_STAR98_130,298.0,191.0,25.6399,7.2774,5.1884,23.184,10.2484,16.5052,68.0964,5.0068,22.4752,51.5406,0.0,0.0,169.1528,697.8822,1123.9449,112.5284,258.0523,1158.3868,11518.693,5799.7831,489.0,60.94,39.06,Average performer
CA_STAR98_131,48.0,111.0,59.2872,0.9414,2.5246,41.6346,6.6667,12.2054,53.2658,3.8732,23.5515,25.4098,0.0,0.0,81.3695,355.1055,650.1317,91.2206,98.4184,598.4396,4334.2116,2317.9002,159.0,30.19,69.81,Needs attention
CA_STAR98_132,362.0,768.0,60.0239,1.1521,3.5436,67.3538,26.8293,14.0548,56.2746,4.0646,23.4583,31.994,0.0,45.0,377.0814,1509.8062,790.9309,95.3477,130.0416,750.527,21220.0992,3050.5597,1130.0,32.04,67.96,Needs attention
CA_STAR98_133,412.0,152.0,14.7923,4.8938,2.7706,11.1082,3.5623,16.6202,53.795,4.3655,20.3964,48.0851,6.25,12.5,59.2067,191.6361,894.0824,89.0406,209.9162,980.7612,3185.0265,4281.5258,564.0,73.05,26.95,High performer
CA_STAR98_134,144.0,133.0,34.7677,7.8841,5.1985,36.1788,8.5366,15.1911,53.3364,4.459,20.9668,53.5928,0.0,0.0,129.6805,455.3105,810.2404,93.4904,238.9687,1123.6708,6916.6862,5010.4133,277.0,51.99,48.01,Average performer
CA_STAR98_135,28.0,24.0,0.0,0.4802,0.4802,28.6915,7.4074,13.7262,60.9925,6.4594,16.4054,26.0,0.0,0.0,101.6752,451.7963,837.1922,105.9685,167.944,426.5391,6201.4234,2755.1798,52.0,53.85,46.15,Average performer
CA_STAR98_136,112.0,113.0,27.0007,0.5113,0.2922,6.2089,1.4599,15.5984,51.6928,4.1836,21.5385,29.8013,0.0,0.0,22.7715,75.464,806.3279,90.1084,124.6769,641.8745,1177.121,2685.3482,225.0,49.78,50.22,Needs attention
CA_STAR98_137,21.0,17.0,55.9322,0.8403,1.3445,45.3782,0.0,12.756,48.856,6.4069,14.316,44.7368,0.0,0.0,0.0,0.0,623.2066,91.7209,286.6228,640.4544,0.0,4103.3029,38.0,55.26,44.74,Average performer
CA_STAR98_138,98.0,90.0,37.2997,1.1628,0.4153,19.6844,2.2727,17.1307,56.3368,4.9905,19.4729,25.8993,0.0,0.0,38.9335,128.0381,965.0907,97.1791,129.25,504.3333,2193.3878,2516.8688,188.0,52.13,47.87,Average performer
CA_STAR98_139,240.0,249.0,46.9275,0.9695,1.1142,22.8187,4.8485,17.4015,64.5357,4.8384,21.3449,33.3333,0.0,36.3636,84.3709,312.9004,1123.0182,103.2757,161.281,711.4959,5444.9367,3442.524,489.0,49.08,50.92,Needs attention
CA_STAR98_140,67.0,104.0,46.5385,0.8462,0.6923,11.5769,2.9851,17.472,56.5681,4.612,20.8281,26.3804,0.0,0.0,52.1552,168.8601,988.3584,96.0586,121.6656,549.4525,2950.3239,2534.0615,171.0,39.18,60.82,Needs attention
CA_STAR98_141,13.0,20.0,56.3312,0.5172,0.6897,3.9655,4.6512,12.4979,48.8676,6.5781,15.733,34.2105,0.0,0.0,58.1296,227.2912,610.7409,103.4924,225.0387,538.2336,2840.6555,3540.529,33.0,39.39,60.61,Needs attention
CA_STAR98_142,60.0,123.0,37.789,1.5866,0.2923,17.3278,11.7117,13.4171,58.1026,4.3616,22.7861,20.8,0.0,16.6667,157.1367,680.4802,779.5654,99.3844,90.7217,473.9513,9130.0439,2067.195,183.0,32.79,67.21,Needs attention
CA_STAR98_143,14.0,34.0,41.4317,0.9156,0.0,84.1302,25.5814,12.7714,55.7092,4.1405,22.1853,24.7423,0.0,0.0,326.7111,1425.1201,711.4865,91.8587,102.446,548.9139,18200.8216,2272.793,48.0,29.17,70.83,Needs attention
CA_STAR98_144,123.0,332.0,50.9282,1.245,4.862,53.1797,12.1673,12.0782,55.0746,4.0752,21.7703,33.935,0.0,50.0,146.9586,670.1094,665.2001,88.718,138.2916,738.7749,8093.6888,3010.6466,455.0,27.03,72.97,Needs attention
CA_STAR98_145,23.0,85.0,52.4079,0.6143,0.9556,50.4437,8.3333,11.9896,53.6099,4.081,21.1577,49.2754,0.0,0.0,99.9134,446.7492,642.7618,86.344,201.0911,1042.5553,5356.3481,4254.6325,108.0,21.3,78.7,Needs attention
CA_STAR98_146,33.0,148.0,60.9182,0.1568,6.3112,61.7013,15.4412,11.4914,54.8027,4.751,18.8122,19.5946,0.0,0.0,177.44,846.2184,629.757,89.3766,93.0939,368.617,9724.1913,1751.2988,181.0,18.23,81.77,Needs attention
CA_STAR98_147,37.0,57.0,33.2777,0.75,0.75,10.4167,1.6129,11.6809,55.8547,4.7867,19.2295,32.7869,0.0,0.0,18.8401,90.0883,652.4325,92.0456,156.9403,630.4765,1052.3104,3017.8886,94.0,39.36,60.64,Needs attention
CA_STAR98_148,19.0,28.0,64.8508,0.0,0.0,52.381,4.7619,12.9553,50.8401,4.8511,18.401,45.7143,0.0,0.0,61.692,242.0956,658.6494,89.2642,221.7629,841.1864,3136.4258,4080.648,47.0,40.43,59.57,Needs attention
CA_STAR98_149,24.0,16.0,45.9337,0.3101,0.7752,14.1085,2.2222,14.0343,52.3203,6.2834,14.6697,76.9231,0.0,0.0,31.1874,116.2673,734.2794,92.1761,483.341,1128.4385,1631.7319,7090.4678,40.0,60.0,40.0,Average performer
CA_STAR98_150,45.0,48.0,21.8401,0.5828,0.0833,21.8152,4.8387,14.9848,60.1594,4.8065,20.5942,42.8571,0.0,0.0,72.5073,291.0941,901.4802,98.9858,205.9921,882.6098,4362.0012,4242.249,93.0,48.39,51.61,Needs attention
CA_STAR98_151,149.0,52.0,10.7068,2.9772,1.3051,7.5449,4.8,17.2942,69.8874,5.6767,20.6785,55.921,0.0,0.0,83.0123,335.4595,1208.6486,117.3848,317.4443,1156.3657,5801.5133,6564.2843,201.0,74.13,25.87,High performer
CA_STAR98_152,255.0,518.0,40.1345,8.8134,15.6372,25.2257,17.6571,19.4719,61.0116,4.4962,20.607,28.9079,0.0,95.2381,343.8167,1077.2854,1188.0136,92.6543,129.977,595.7067,20976.8152,2678.4419,773.0,32.99,67.01,Needs attention
CA_STAR98_153,105.0,49.0,14.2796,4.7116,1.8934,7.0894,2.9412,17.542,63.9096,4.7564,22.6321,48.1752,0.0,0.0,51.594,187.9692,1121.0981,107.647,229.1397,1090.3055,3297.3469,5185.9116,154.0,68.18,31.82,Average performer
CA_STAR98_154,107.0,250.0,40.6667,1.8443,1.2854,49.2362,20.1581,14.6853,56.6192,4.3561,21.5796,60.5978,0.0,0.0,296.0286,1141.3357,831.4723,94.0022,263.9685,1307.6751,16760.9028,5696.327,357.0,29.97,70.03,Needs attention
CA_STAR98_155,60.0,103.0,67.2694,0.2739,0.4108,86.5115,24.1935,11.8868,58.8931,4.2009,24.9086,11.3044,0.0,0.0,287.5849,1424.8336,700.0531,104.6375,47.4879,281.576,16936.7695,1182.859,163.0,36.81,63.19,Needs attention
CA_STAR98_156,21.0,40.0,45.6702,0.6826,0.3413,47.099,4.5455,13.5112,54.3449,4.6507,20.9739,50.0,0.0,0.0,61.4146,247.0222,734.2658,97.5437,232.5362,1048.6935,3337.572,4877.1851,61.0,34.43,65.57,Needs attention
CA_STAR98_157,587.0,611.0,32.7091,1.3961,1.7763,26.488,6.3885,15.4759,54.7851,3.9129,21.8384,29.2526,3.3333,0.0,98.868,349.9963,847.8475,85.4526,114.4638,638.8298,5416.497,2499.7086,1198.0,49.0,51.0,Needs attention
CA_STAR98_158,58.0,54.0,34.4342,0.738,0.4305,37.4539,14.6342,15.6478,51.4344,4.387,21.202,44.1441,0.0,0.0,228.992,752.6993,804.8348,93.0125,193.6585,935.9463,11778.0732,4105.9579,112.0,51.79,48.21,Average performer
CA_STAR98_159,300.0,155.0,16.1578,8.399,2.1794,21.6262,4.898,15.2273,57.1934,3.826,25.2278,40.7202,0.0,0.0,74.5825,280.131,870.8996,96.5202,155.7936,1027.2799,4265.6308,3930.3237,455.0,65.93,34.07,Average performer
CA_STAR98_160,1804.0,888.0,17.338,4.7095,1.5806,16.9538,9.3919,12.6999,60.7794,3.803,23.0004,44.8256,0.0,10.5263,119.2768,570.8359,771.8933,87.47,170.4705,1031.0076,7249.5698,3920.8952,2692.0,67.01,32.99,Average performer
CA_STAR98_161,1473.0,1534.0,48.1561,28.7116,1.2911,44.0515,11.4861,15.6766,65.1844,3.8355,24.6732,20.3813,0.0,0.0,180.0628,748.7161,1021.8675,94.6353,78.1735,502.8723,11737.2924,1928.7913,3007.0,48.99,51.01,Needs attention
CA_STAR98_162,145.0,43.0,9.3163,1.8838,1.2166,9.2229,7.619,16.9064,70.2744,4.4815,24.2636,74.2857,0.0,0.0,128.8107,535.4238,1188.0873,108.7366,332.9095,1802.4365,9052.0943,8077.5724,188.0,77.13,22.87,High performer
CA_STAR98_163,688.0,498.0,39.0254,4.6836,1.2351,34.1238,4.4268,16.0012,60.202,4.3492,22.4828,42.8715,0.0,0.0,70.8338,266.5017,963.3031,97.7827,186.458,963.8694,4264.3385,4192.0908,1186.0,58.01,41.99,Average performer
CA_STAR98_164,1035.0,956.0,36.02,10.8824,2.0855,36.8218,9.4241,16.8177,56.4151,3.5869,25.4488,47.3303,2.5641,12.8205,158.4911,531.6607,948.7707,91.2833,169.7706,1204.4993,8941.2948,4320.4606,1991.0,51.98,48.02,Average performer
CA_STAR98_165,1238.0,637.0,21.0139,8.1244,1.8885,25.9201,11.3974,15.153,63.1015,4.1722,24.7172,36.5617,0.0,0.0,172.7053,719.1946,956.1787,103.1259,152.5444,903.702,10897.9708,3770.4635,1875.0,66.03,33.97,Average performer
CA_STAR98_166,610.0,2781.0,73.2772,4.4085,1.0798,90.7908,26.4875,14.9709,69.8245,4.1021,25.0322,21.7294,0.0,56.25,396.5425,1849.4789,1045.3376,102.6857,89.137,543.9337,27688.4006,2231.295,3391.0,17.99,82.01,Needs attention
CA_STAR98_167,1607.0,756.0,10.5345,8.4017,2.1675,14.8107,6.0564,14.9799,60.3722,3.8409,22.191,53.7919,0.0,0.0,90.7248,365.6403,904.3695,85.2327,206.6074,1193.6964,5477.2552,4584.8278,2363.0,68.01,31.99,Average performer
CA_STAR98_168,526.0,548.0,29.869,8.276,4.6553,41.6814,5.2632,13.0141,57.8312,3.6295,24.1695,39.5954,0.0,0.0,68.4954,304.3745,752.6215,87.7238,143.7126,956.9993,3961.166,3473.4578,1074.0,48.98,51.02,Needs attention
CA_STAR98_169,1421.0,378.0,10.5165,25.1637,3.0398,7.4108,9.2557,16.0978,62.551,4.3525,22.6582,0.0,0.0,9.6774,148.9964,578.9547,1006.9307,98.6194,0.0,0.0,9319.8733,0.0,1799.0,78.99,21.01,High performer
CA_STAR98_170,416.0,205.0,11.6003,8.9913,3.111,11.5366,10.1333,15.0931,67.2849,4.7265,23.1988,49.5922,0.0,10.0,152.9431,681.8205,1015.5363,109.6498,234.3988,1150.4783,10290.7645,5437.7692,621.0,66.99,33.01,Average performer
CA_STAR98_171,204.0,154.0,23.3564,0.6276,0.4315,17.7094,6.6176,13.5936,49.513,4.6381,19.6784,44.1315,0.0,0.0,89.9576,327.6597,673.0598,91.2704,204.686,868.4374,4454.0724,4027.8978,358.0,56.98,43.02,Average performer
CA_STAR98_172,49.0,133.0,28.661,0.5628,1.4408,17.4246,4.878,13.3327,42.6584,3.5037,24.2686,27.4611,62.5,0.0,65.0377,208.0897,568.7528,85.0298,96.2155,666.4431,2774.404,2335.0155,182.0,26.92,73.08,Needs attention
CA_STAR98_173,276.0,169.0,17.1362,3.5389,1.3726,6.6645,4.6512,11.1924,52.6548,3.5961,23.0433,0.0,0.0,0.0,52.0576,244.9062,589.3333,82.8659,0.0,0.0,2741.0852,0.0,445.0,62.02,37.98,Average performer
CA_STAR98_174,132.0,156.0,36.6621,0.6635,1.2165,6.8565,2.7174,16.1541,56.5001,4.9127,21.2321,33.1933,0.0,0.0,43.8969,153.5329,912.7058,104.3069,163.0687,704.7627,2480.1784,3462.2892,288.0,45.83,54.17,Needs attention
CA_STAR98_175,280.0,798.0,42.2903,4.0212,7.2229,47.158,17.2414,13.0071,62.3907,3.7582,25.182,41.6667,0.0,70.5882,224.26,1075.7018,811.5208,94.6388,156.5916,1049.248,13991.7389,3943.2817,1078.0,25.97,74.03,Needs attention
CA_STAR98_176,54.0,281.0,75.5299,13.3685,13.8522,36.6975,20.297,13.8173,60.0748,4.4563,21.8997,41.8182,0.0,12.5,280.4508,1219.3396,830.0731,97.5919,186.3553,915.8039,16848.0178,4081.1172,335.0,16.12,83.88,Needs attention
CA_STAR98_177,53.0,166.0,58.7464,1.1513,3.4265,34.6491,9.0278,15.9662,59.2704,4.0707,24.7563,26.25,0.0,12.5,144.1389,535.0804,946.3213,100.7763,106.8569,649.8521,8543.1789,2645.3789,219.0,24.2,75.8,Needs attention
CA_STAR98_178,849.0,1273.0,41.5114,3.6042,4.6445,41.7784,11.3732,13.543,64.0635,4.0836,25.2311,34.6373,0.0,34.2857,154.027,728.6072,867.6095,103.0327,141.4432,873.9378,9867.5052,3568.7722,2122.0,40.01,59.99,Needs attention
CA_STAR98_179,387.0,1047.0,55.9912,1.2647,2.4678,60.0417,15.8088,12.6874,64.1235,3.9372,25.2138,43.1718,4.3478,0.0,200.5723,1013.7172,813.5588,99.2719,169.9763,1088.5254,12861.405,4285.7487,1434.0,26.99,73.01,Needs attention
CA_STAR98_180,456.0,629.0,62.4078,1.4359,2.6667,29.2308,9.0333,15.5025,59.735,3.9165,24.5176,21.4286,0.0,5.2632,140.0385,539.6034,926.0432,96.0239,83.9258,525.3763,8365.2076,2057.6555,1085.0,42.03,57.97,Needs attention
CA_STAR98_181,300.0,899.0,50.2109,1.3888,5.3043,53.2545,23.7898,13.2753,62.0687,3.8265,24.6667,26.3835,0.0,4.1667,315.8164,1476.6,823.9815,94.386,100.9555,650.7938,19602.3221,2490.2352,1199.0,25.02,74.98,Needs attention
CA_STAR98_182,644.0,1656.0,43.0689,3.2654,23.676,35.3533,23.1236,14.0119,58.4012,4.1739,24.0922,25.5924,2.8571,22.8571,324.0062,1350.4439,818.3135,100.5588,106.8206,616.5777,18922.3388,2573.5441,2300.0,28.0,72.0,Needs attention
CA_STAR98_183,319.0,907.0,62.505,1.1575,5.9429,53.4912,8.9333,13.07,57.243,4.1434,24.201,13.754,0.0,9.5238,116.7588,511.3705,748.1668,100.2738,56.9881,332.8623,6683.6228,1379.1711,1226.0,26.02,73.98,Needs attention
CA_STAR98_184,93.0,145.0,55.9129,0.6329,10.5222,52.0833,10.7954,14.1103,61.8855,4.6945,22.1958,20.9302,0.0,0.0,152.3266,668.0816,873.2202,104.1976,98.2564,464.5634,9426.8051,2180.8808,238.0,39.08,60.92,Needs attention
CA_STAR98_185,860.0,1528.0,47.2344,3.5983,10.3267,40.1109,21.7477,10.9766,61.4456,4.3842,23.5685,33.7725,0.0,19.0476,238.7162,1336.3016,674.4656,103.3293,148.0654,795.9672,14668.0745,3489.6835,2388.0,36.01,63.99,Needs attention
CA_STAR98_186,92.0,214.0,64.1791,1.0073,3.8515,50.8197,7.4468,13.1198,58.0407,3.5644,26.0216,11.9318,12.5,25.0,97.7007,432.2177,761.4824,92.7527,42.5304,310.4853,5670.6142,1106.709,306.0,30.07,69.93,Needs attention
CA_STAR98_187,86.0,776.0,85.5146,0.1381,0.2762,96.1671,36.4653,11.9208,61.3856,4.099,25.2796,13.5468,0.0,0.0,434.6947,2238.4452,731.7635,103.6216,55.5285,342.4582,26683.9902,1403.7404,862.0,9.98,90.02,Needs attention
CA_STAR98_188,307.0,683.0,38.1165,1.7908,4.0724,30.1121,11.4187,13.0538,62.3267,3.9606,25.3969,25.3833,0.0,83.3333,149.0567,711.6888,813.5966,100.588,100.534,644.6581,9290.2078,2553.255,990.0,31.01,68.99,Needs attention
CA_STAR98_189,587.0,442.0,18.17,1.957,3.8251,17.7843,8.0979,12.1948,64.1561,3.6643,25.5498,25.8681,6.25,81.25,98.753,519.5316,782.3741,93.6212,94.7874,660.9238,6335.6094,2421.7998,1029.0,57.05,42.95,Average performer
CA_STAR98_190,290.0,384.0,18.2164,2.1057,3.4372,17.8468,15.1934,9.2193,59.1347,3.7746,25.8615,38.2567,0.0,100.0,140.0722,898.4549,545.18,97.6168,144.4036,989.3738,8283.1219,3734.4915,674.0,43.03,56.97,Needs attention
CA_STAR98_191,177.0,479.0,54.8439,1.8976,23.5796,45.823,21.2389,10.9078,58.4474,3.7991,25.5415,31.8021,0.0,0.0,231.6699,1241.3617,637.5324,97.0341,120.8187,812.2735,13540.5124,3085.8905,656.0,26.98,73.02,Needs attention
CA_STAR98_192,1239.0,1578.0,36.9448,15.2126,19.0935,16.2699,17.4043,12.2779,58.3316,3.7626,23.117,29.5802,0.0,33.3333,213.6882,1015.2218,716.1893,86.9795,111.2978,683.8034,12464.7812,2572.8672,2817.0,43.98,56.02,Needs attention
CA_STAR98_193,555.0,402.0,26.1143,5.3088,9.9126,8.6717,9.7222,14.2632,51.1046,3.8458,22.1978,27.7092,4.3478,30.4348,138.6699,496.8508,728.9153,85.3692,106.5653,615.0822,7086.6767,2365.5121,957.0,57.99,42.01,Average performer
CA_STAR98_194,154.0,195.0,33.1154,1.771,1.1806,35.7261,9.1667,11.7726,51.7422,4.5812,22.2133,23.9837,0.0,0.0,107.9151,474.3035,609.1382,101.7635,109.874,532.7587,5583.7666,2440.6684,349.0,44.13,55.87,Needs attention
CA_STAR98_195,82.0,92.0,35.9788,1.4073,1.0348,36.9205,11.9048,14.7351,51.0804,4.4206,20.1802,45.3125,0.0,0.0,175.4179,608.0996,752.6749,89.209,200.3095,914.4144,8960.4137,4042.2823,174.0,47.13,52.87,Needs attention
CA_STAR98_196,1325.0,2073.0,59.4064,23.8705,21.9525,23.5061,27.4575,14.0033,61.997,4.1254,24.8268,38.7426,1.2987,10.3896,384.4952,1702.2816,868.163,102.4206,159.829,961.8543,23837.5598,3968.0403,3398.0,38.99,61.01,Needs attention
CA_STAR98_197,1787.0,1523.0,28.8498,4.5948,5.9598,8.9721,7.1872,12.6162,58.8728,4.3357,21.7507,39.2844,1.2195,6.0976,90.6756,423.1316,742.7516,94.3038,170.3239,854.4652,5338.3211,3704.6706,3310.0,53.99,46.01,Average performer
CA_STAR98_198,266.0,125.0,29.3061,7.9749,13.871,10.2867,10.6996,13.2324,55.9441,3.811,22.2895,78.9682,0.0,42.8571,141.5814,598.5792,740.2757,84.9464,300.9519,1760.1636,7920.6461,6708.0697,391.0,68.03,31.97,Average performer
CA_STAR98_199,136.0,276.0,37.9554,6.2261,29.7449,26.2302,12.234,10.6661,57.6727,3.3125,22.4284,0.0,14.2857,14.2857,130.4896,705.5699,615.1431,74.2944,0.0,0.0,7525.6859,0.0,412.0,33.01,66.99,Needs attention
CA_STAR98_200,58.0,56.0,35.7537,2.1094,0.625,40.4688,16.6667,11.9182,61.9198,4.2729,22.2222,0.0,0.0,0.0,198.6364,1031.9977,737.9719,94.9537,0.0,0.0,12299.5344,0.0,114.0,50.88,49.12,Average performer
CA_STAR98_201,149.0,318.0,50.6241,1.1014,11.7826,38.1304,19.2691,14.4015,57.1006,4.2032,22.9868,12.987,0.0,0.0,277.5034,1100.2776,822.3329,96.6189,54.5876,298.5292,15845.6142,1254.7909,467.0,31.91,68.09,Needs attention
CA_STAR98_202,143.0,137.0,40.7034,0.4493,0.9548,11.4294,3.5211,13.8815,57.8249,3.8384,25.3643,35.4286,0.0,100.0,48.8785,203.6087,802.6949,97.3572,135.9876,898.6205,2826.3907,3449.2282,280.0,51.07,48.93,Average performer
CA_STAR98_203,1002.0,1130.0,25.9557,6.0233,5.2326,38.2027,18.6985,15.2128,62.27,3.6643,24.1697,29.0155,0.0,10.0,284.4563,1164.3578,947.2999,88.564,106.3204,701.2966,17713.107,2569.7324,2132.0,47.0,53.0,Needs attention
CA_STAR98_204,352.0,952.0,44.4521,2.0199,9.0846,63.6861,19.0942,11.8951,59.6253,3.8117,24.0302,34.4459,0.0,48.0,227.1282,1138.4996,709.249,91.5966,131.2984,827.7436,13542.5782,3155.1302,1304.0,26.99,73.01,Needs attention
CA_STAR98_205,407.0,1852.0,39.9981,1.101,11.8055,65.7746,19.7108,12.9685,60.4687,3.9398,24.3713,18.2534,0.0,56.25,255.62,1191.8874,784.1898,96.0176,71.9144,444.8593,15457.0162,1752.6485,2259.0,18.02,81.98,Needs attention
CA_STAR98_206,280.0,387.0,46.7423,1.5038,8.1944,13.3402,4.5045,13.4019,62.2861,4.1281,22.6293,13.5,5.8824,0.0,60.3691,280.5679,834.7542,93.4151,55.7289,305.4953,3760.1543,1261.1044,667.0,41.98,58.02,Needs attention
CA_STAR98_207,45.0,58.0,54.4015,1.1619,3.7763,17.284,2.9412,16.7947,61.235,4.9032,21.2772,40.3509,0.0,10.0,49.3961,180.1029,1028.4214,104.3272,197.85,858.5541,3024.7685,4209.6953,103.0,43.69,56.31,Needs attention
CA_STAR98_208,580.0,681.0,34.604,8.124,7.9626,30.9894,15.0336,14.8491,60.4773,3.7637,24.7211,24.7743,0.0,50.0,223.2347,909.1887,898.0324,93.0425,93.2427,612.4487,13500.6243,2305.0639,1261.0,46.0,54.0,Needs attention
CA_STAR98_209,368.0,1382.0,57.885,2.8758,27.3984,51.5911,24.4939,12.174,59.0963,3.838,25.1621,13.2394,0.0,70.8333,298.1889,1447.5009,719.4379,96.5722,50.813,333.1322,17621.8612,1278.5619,1750.0,21.03,78.97,Needs attention
CA_STAR98_210,229.0,259.0,24.7007,0.9796,1.2687,13.0561,10.2767,15.792,62.2019,3.9954,24.4391,31.2866,0.0,0.0,162.2889,639.2287,982.2894,97.6443,125.0028,764.6145,10094.6743,3054.953,488.0,46.93,53.07,Needs attention
CA_STAR98_211,739.0,2341.0,70.2358,3.366,19.618,50.8494,25.2196,11.6794,61.6729,4.1477,23.9868,22.3952,0.0,42.623,294.5498,1555.3681,720.3011,99.4898,92.8882,537.1903,18165.7349,2228.0946,3080.0,23.99,76.01,Needs attention
CA_STAR98_212,354.0,657.0,44.92,1.6182,16.4176,36.1709,15.534,10.9717,61.4928,4.0575,26.5114,13.9706,15.0,20.0,170.4337,955.2287,674.6793,107.5701,56.6856,370.3805,10480.4541,1502.8176,1011.0,35.01,64.99,Needs attention
CA_STAR98_213,244.0,382.0,27.571,0.7626,0.7744,19.6644,6.0606,11.8805,63.4327,3.7844,25.0716,25.0,0.0,70.0,72.003,384.4407,753.6118,94.8808,94.6098,626.7905,4567.3442,2372.0197,626.0,38.98,61.02,Needs attention
CA_STAR98_214,74.0,106.0,46.9642,2.1079,18.1851,12.04,7.9137,11.0991,60.6184,5.3425,20.2529,18.3486,0.0,0.0,87.8344,479.714,672.808,108.2018,98.0282,371.6126,5324.3796,1985.354,180.0,41.11,58.89,Needs attention
CA_STAR98_215,241.0,241.0,20.9841,0.8262,2.0889,16.6797,4.0541,8.42,53.7642,3.8232,22.5207,10.2484,9.0909,0.0,34.1353,217.963,452.6961,86.1005,39.1817,230.8019,1835.2545,882.397,482.0,50.0,50.0,Average performer
CA_STAR98_216,328.0,729.0,47.6781,0.9557,5.3086,31.1907,11.8971,12.1918,62.2201,3.8657,24.813,13.344,0.0,61.1111,145.0471,740.2394,758.5744,95.9203,51.5844,331.1062,9024.843,1279.9654,1057.0,31.03,68.97,Needs attention
CA_STAR98_217,17.0,64.0,62.3116,1.2248,2.2747,17.9353,5.2632,10.4692,59.1145,4.5873,20.4874,26.087,0.0,0.0,55.1012,311.1289,618.8832,93.9818,119.6688,534.4529,3257.28,2451.6986,81.0,20.99,79.01,Needs attention
CA_STAR98_218,473.0,437.0,30.6471,7.2263,11.4903,28.4796,11.4563,13.9812,59.6598,3.9226,23.5106,35.3135,6.6667,6.6667,160.1731,683.4808,834.1158,92.2218,138.5197,830.2409,9555.8889,3256.6754,910.0,51.98,48.02,Average performer
CA_STAR98_219,352.0,528.0,43.7316,1.657,17.2745,20.4319,5.169,13.207,62.1064,3.0581,24.5208,35.8392,13.3333,86.6667,68.2668,321.0269,820.2386,74.9868,109.5993,878.8056,4239.8017,2687.4657,880.0,40.0,60.0,Needs attention
CA_STAR98_220,152.0,48.0,12.8909,1.7493,2.5875,10.4956,8.6614,15.0796,59.9638,4.3465,22.3699,58.8235,0.0,0.0,130.6103,519.3714,904.227,97.232,255.6792,1315.8788,7831.8868,5719.5279,200.0,76.0,24.0,High performer
CA_STAR98_221,757.0,853.0,43.1772,2.7524,1.7976,43.8109,8.9991,14.0709,58.3989,3.8825,23.4224,29.0119,4.0,44.0,126.6255,525.5365,821.7274,90.9363,112.6371,679.5274,7394.7924,2638.2318,1610.0,47.02,52.98,Needs attention
CA_STAR98_222,285.0,253.0,49.1896,0.8988,4.3283,36.211,10.1408,16.561,66.9667,4.5409,24.1105,22.4609,0.0,0.0,167.9427,679.0995,1109.0365,109.4834,101.9928,541.5454,11246.573,2459.1002,538.0,52.97,47.03,Average performer
CA_STAR98_223,40.0,14.0,7.723,0.1381,0.6906,9.2541,5.0,15.9693,62.79,5.0929,19.0956,32.0755,0.0,0.0,79.8466,313.9499,1002.7131,97.2522,163.3574,612.5007,5013.5656,3119.4089,54.0,74.07,25.93,High performer
CA_STAR98_224,47.0,96.0,48.6942,0.1632,1.469,25.2992,4.3011,12.1626,52.0844,4.4709,20.1788,40.8696,0.0,0.0,52.3123,224.0189,633.4828,90.2177,182.7246,824.6977,2724.6569,3687.1581,143.0,32.87,67.13,Needs attention
CA_STAR98_225,1785.0,564.0,10.5882,8.7559,2.7601,7.7922,11.0151,14.1916,58.1986,3.7182,22.8757,46.6887,0.0,0.0,156.3216,641.0648,825.9286,85.0558,173.5966,1068.0381,9097.7029,3971.1461,2349.0,75.99,24.01,High performer
CA_STAR98_226,280.0,229.0,35.0237,0.7042,0.8767,19.6177,7.4919,13.5145,57.1681,3.976,23.1159,39.7368,0.0,0.0,101.2489,428.2954,772.5998,91.9096,157.9949,918.5536,5788.2075,3652.1967,509.0,55.01,44.99,Average performer
CA_STAR98_227,3392.0,5087.0,64.1524,9.4927,16.9243,35.2773,25.085,12.296,62.7827,4.9526,22.1931,31.2403,4.1667,28.5714,308.444,1574.9021,771.9742,109.9134,154.7203,693.3205,19364.9495,3433.7286,8479.0,40.0,60.0,Needs attention
CA_STAR98_228,683.0,1024.0,40.0598,2.5326,6.1276,37.385,11.0909,12.8124,65.1644,4.1034,23.6445,34.3324,3.7037,81.4815,142.1017,722.7331,834.9163,97.0239,140.8813,811.7728,9259.9811,3331.0658,1707.0,40.01,59.99,Needs attention
CA_STAR98_229,357.0,238.0,26.9231,2.5947,1.7629,26.1328,13.3333,15.2839,62.9971,4.2618,24.3262,43.4447,0.0,0.0,203.7857,839.9613,962.8434,103.6738,185.1536,1056.8439,12837.909,4504.0784,595.0,60.0,40.0,Average performer
CA_STAR98_230,435.0,882.0,54.9774,1.8043,14.86,41.5219,16.0134,13.1737,57.8111,3.8326,23.3502,44.7178,0.0,0.0,210.9564,925.7552,761.5872,89.4918,171.3846,1044.1718,12195.6308,4001.8741,1317.0,33.03,66.97,Needs attention
CA_STAR98_231,330.0,419.0,49.265,2.3898,2.5537,44.1377,11.0647,13.668,60.6572,4.0971,24.64,29.6552,0.0,83.3333,151.2329,671.1545,829.0639,100.9523,121.5,730.7028,9173.3597,2993.7566,749.0,44.06,55.94,Needs attention
CA_STAR98_232,1925.0,1708.0,64.5543,41.369,16.1932,21.2041,43.7375,15.2855,52.8855,5.2301,17.9312,48.8307,2.6549,1.7699,668.5476,2313.0779,808.3799,93.781,255.3868,875.5914,35356.4825,4579.3874,3633.0,52.99,47.01,Average performer
CA_STAR98_233,114.0,86.0,36.4129,0.9198,0.3285,26.6426,5.6738,14.1924,53.5104,3.8465,23.3206,26.4151,0.0,0.0,80.5245,303.6053,759.4442,89.7028,101.606,616.0144,4308.9036,2369.5069,200.0,57.0,43.0,Average performer
CA_STAR98_234,279.0,355.0,44.1298,19.6277,10.6923,17.6265,14.7343,13.2014,53.9708,4.0223,21.5606,29.8354,0.0,0.0,194.5129,795.2221,712.4886,86.7226,120.0058,643.2701,10498.0213,2587.4022,634.0,44.01,55.99,Needs attention
CA_STAR98_235,60.0,133.0,40.5829,1.936,0.3367,34.2172,7.2072,16.1252,52.1989,3.7279,22.0265,39.2857,0.0,0.0,116.2177,376.208,841.7171,82.1129,146.4536,865.3275,6066.4291,3225.8621,193.0,31.09,68.91,Needs attention
CA_STAR98_236,638.0,1294.0,48.7686,19.7955,5.8325,23.6488,11.2712,15.0836,59.4652,4.469,22.0029,30.3371,0.0,62.8571,170.0101,670.2439,896.9497,98.3315,135.5771,667.5043,10109.691,2983.0909,1932.0,33.02,66.98,Needs attention
CA_STAR98_237,591.0,616.0,35.1332,2.4496,4.936,29.0955,11.3264,13.8098,56.9107,3.5892,24.3858,36.2426,0.0,0.0,156.4148,644.5918,785.9237,87.5254,130.0818,883.8041,8901.6704,3172.1469,1207.0,48.96,51.04,Needs attention
CA_STAR98_238,130.0,43.0,13.774,0.7308,0.4872,21.8433,2.5641,14.5504,51.683,3.7864,20.5988,29.7297,0.0,0.0,37.3087,132.5205,752.0078,77.9959,112.5695,612.3968,1928.2255,2318.7975,173.0,75.14,24.86,High performer
CA_STAR98_239,558.0,1765.0,68.7271,20.8725,13.3483,42.1854,33.7475,12.6777,66.6548,4.5272,22.9405,18.2093,0.0,21.9512,427.8406,2249.4345,845.0276,103.8568,82.4374,417.7293,28517.6109,1891.1552,2323.0,24.02,75.98,Needs attention
CA_STAR98_240,397.0,352.0,26.5703,4.4365,5.9819,26.7234,14.1962,10.5935,55.6319,3.6164,23.9626,26.2868,0.0,0.0,150.3879,789.7638,589.3365,86.6575,95.0626,629.8991,8366.3629,2277.9457,749.0,53.0,47.0,Average performer
CA_STAR98_241,293.0,144.0,18.0737,1.0658,1.6486,9.3422,3.2847,14.9726,60.4642,4.5064,23.3042,45.4546,0.0,0.0,49.18,198.6052,905.3057,105.0188,204.8375,1059.2842,2973.6322,4773.5848,437.0,67.05,32.95,Average performer
CA_STAR98_242,465.0,262.0,38.0747,1.538,1.1652,30.2013,8.932,13.4832,55.6843,3.8871,21.2193,25.9036,0.0,0.0,120.4321,497.374,750.7998,82.4812,100.6896,549.6557,6706.173,2136.5601,727.0,63.96,36.04,Average performer
CA_STAR98_243,453.0,223.0,22.4658,2.3464,2.0908,12.6147,5.3269,16.1952,64.3977,4.9332,21.4333,25.6356,5.2632,0.0,86.2699,343.0385,1042.9346,105.7351,126.4661,549.4545,5555.5843,2710.5817,676.0,67.01,32.99,Average performer
CA_STAR98_244,96.0,78.0,17.9978,0.6178,1.4122,9.2233,4.5872,11.0873,50.3725,3.667,19.3939,35.9551,0.0,0.0,50.8592,231.0664,558.4947,71.1179,131.8479,697.3103,2561.9023,2557.05,174.0,55.17,44.83,Average performer
CA_STAR98_245,224.0,199.0,36.8269,1.3305,3.8765,27.1846,5.802,14.2278,59.653,4.7564,22.2815,39.8148,0.0,0.0,82.5506,346.1097,848.7338,105.9805,189.3768,887.1325,4924.3941,4219.5943,423.0,52.96,47.04,Average performer
CA_STAR98_246,34.0,32.0,27.0878,1.005,0.3015,21.608,9.2308,12.8642,46.3474,4.7925,17.3713,41.3333,0.0,0.0,118.7464,427.822,596.2215,83.2514,198.0884,718.0145,5503.5836,3441.0565,66.0,51.52,48.48,Average performer
CA_STAR98_247,179.0,152.0,19.3021,2.1085,0.54,25.0964,8.2902,13.3229,51.7683,4.1382,21.0093,48.8095,0.0,0.0,110.4489,429.167,689.7035,86.941,201.9841,1025.4553,5717.7488,4243.5505,331.0,54.08,45.92,Average performer
CA_STAR98_248,303.0,402.0,31.9149,8.7533,4.8237,34.7971,11.8993,17.1086,57.4892,3.8238,23.5232,38.9545,0.0,0.0,203.5807,684.082,983.5606,89.9489,148.9556,916.3338,11703.693,3503.912,705.0,42.98,57.02,Needs attention
CA_STAR98_249,108.0,127.0,39.2773,1.3853,0.9665,54.3814,21.3235,14.4977,60.2629,4.1581,22.2133,33.3333,0.0,0.0,309.143,1285.018,873.676,92.3644,138.6023,740.4429,18629.8564,3078.8128,235.0,45.96,54.04,Needs attention
CA_STAR98_250,302.0,452.0,35.7063,4.652,8.9208,32.867,9.0573,17.0832,53.1177,4.3258,21.6738,42.915,0.0,13.3333,154.7274,481.1032,907.419,93.7568,185.6424,930.1294,8218.7674,4023.5715,754.0,40.05,59.95,Needs attention
CA_STAR98_251,171.0,419.0,44.542,2.309,1.5282,62.9448,22.372,15.4897,62.8908,4.3127,24.5079,20.19,0.0,15.3846,346.5342,1406.9913,974.1573,105.6958,87.0741,494.8144,21793.8171,2134.0008,590.0,28.98,71.02,Needs attention
CA_STAR98_252,400.0,315.0,23.6491,5.2357,2.3992,33.4613,11.25,17.7961,60.2838,4.3615,23.7371,37.8049,0.0,0.0,200.206,678.1933,1072.8168,103.5298,164.8866,897.3786,12069.1892,3913.9302,715.0,55.94,44.06,Average performer
CA_STAR98_253,538.0,67.0,7.8944,17.389,4.9168,6.8878,13.5283,14.1158,66.182,5.9708,18.7477,73.3753,0.0,0.0,190.9627,895.3327,934.2087,111.9391,438.1107,1375.6166,12638.293,8213.5634,605.0,88.93,11.07,High performer
CA_STAR98_254,975.0,1241.0,42.8078,12.245,3.2704,49.4105,22.3695,16.5773,80.565,5.0384,28.2108,38.1076,0.0,0.0,370.8259,1802.2005,1335.55,142.1376,192.0012,1075.0472,29875.5998,5416.5179,2216.0,44.0,56.0,Needs attention
CA_STAR98_255,463.0,445.0,40.2054,18.3941,4.341,25.2009,11.52,15.61,65.4689,4.3173,23.7628,29.5511,0.0,0.0,179.8269,754.202,1021.9679,102.5916,127.5816,702.2174,11773.0699,3031.6963,908.0,50.99,49.01,Average performer
CA_STAR98_256,399.0,314.0,28.8936,31.4599,5.9521,18.4295,20.2273,14.8064,60.7749,4.09,22.1198,26.7206,0.0,0.0,299.4924,1229.3107,899.856,90.4702,109.2879,591.0546,18201.6293,2417.4229,713.0,55.96,44.04,Average performer
CA_STAR98_257,393.0,876.0,56.3487,1.2014,0.5875,72.0138,19.7166,14.1142,59.9221,4.2821,22.5353,26.6476,4.0,20.0,278.2849,1181.4637,845.7535,96.4994,114.1087,600.5108,16675.4263,2571.4747,1269.0,30.97,69.03,Needs attention
CA_STAR98_258,204.0,141.0,14.5064,1.6591,1.2263,4.0875,3.3333,17.2892,58.6163,4.2621,24.3335,60.5809,14.2857,0.0,57.6305,195.3876,1013.4262,103.7117,258.2012,1474.1474,3378.0871,6282.9459,345.0,59.13,40.87,Average performer
CA_STAR98_259,59.0,86.0,39.6089,0.7471,0.2874,8.908,4.3011,16.4912,56.1319,4.7419,18.7364,28.8288,0.0,0.0,70.9299,241.4277,925.683,88.8456,136.7027,540.1479,3981.4322,2561.3133,145.0,40.69,59.31,Needs attention
CA_STAR98_260,131.0,204.0,49.3771,0.8405,1.074,4.8097,4.0909,14.5858,55.3966,4.5095,20.7381,34.4828,0.0,0.0,59.6693,226.6225,808.0055,93.5189,155.5005,715.108,3305.4771,3224.7901,335.0,39.1,60.9,Needs attention
CA_STAR98_261,80.0,41.0,32.1016,1.6332,0.6281,8.3543,1.9608,14.4036,54.122,2.9083,16.8889,43.2432,9.0909,0.0,28.2424,106.1216,779.5541,49.1182,125.7648,730.3303,1528.5372,2124.0284,121.0,66.12,33.88,Average performer
CA_STAR98_262,326.0,109.0,11.4437,4.5621,7.8051,10.1502,10.1626,15.1756,61.4193,4.3031,22.2794,40.4908,0.0,0.0,154.2238,624.1802,932.0766,95.8697,174.2342,902.1123,9472.3213,3881.8409,435.0,74.94,25.06,High performer
CA_STAR98_263,100.0,139.0,40.8194,1.3169,1.775,39.9656,12.6437,15.5133,57.0742,4.2626,20.0237,39.6648,0.0,16.6667,196.1456,721.6282,885.4112,85.3523,169.0737,794.2361,11194.856,3385.4812,239.0,41.84,58.16,Needs attention
CA_STAR98_264,688.0,808.0,28.1109,6.5487,21.0107,18.0158,13.2415,15.9655,59.269,3.9555,22.8889,26.1161,0.0,34.6154,211.4078,784.8121,946.2597,90.5368,103.3018,597.7684,12529.9256,2364.4662,1496.0,45.99,54.01,Needs attention
CA_STAR98_265,155.0,168.0,22.7124,2.5295,15.3483,10.3966,18.2203,15.1208,62.3536,4.9009,20.2287,66.3102,0.0,0.0,275.507,1136.1038,942.8394,99.1381,324.9765,1341.371,17178.855,6573.866,323.0,47.99,52.01,Needs attention
CA_STAR98_266,515.0,537.0,23.0192,2.8294,8.3733,16.7466,9.1298,14.6227,53.9019,4.1105,22.3815,40.2614,5.2632,10.5263,133.5029,492.1142,788.1932,91.9999,165.4962,901.1102,7196.0579,3704.0487,1052.0,48.95,51.05,Needs attention
CA_STAR98_267,450.0,874.0,35.4609,3.8396,35.2146,15.5493,23.8768,16.6808,68.3388,4.3649,25.6708,20.0227,0.0,56.0,398.2848,1631.7098,1139.9493,112.0512,87.3978,514.0,27218.3066,2243.5725,1324.0,33.99,66.01,Needs attention
CA_STAR98_268,55.0,65.0,39.7087,0.4294,0.6748,25.092,6.3291,15.6294,56.854,3.942,20.4216,43.8356,0.0,0.0,98.9203,359.8357,888.5951,80.5022,172.8005,895.1939,5624.0197,3528.8634,120.0,45.83,54.17,Needs attention
CA_STAR98_269,224.0,162.0,30.7603,1.9234,0.7166,22.4024,6.1538,15.8586,54.1223,4.1706,21.1477,23.3716,11.1111,11.1111,97.5914,333.0606,858.3051,88.1978,97.4731,494.2559,5281.8773,2061.328,386.0,58.03,41.97,Average performer
CA_STAR98_270,320.0,296.0,19.6758,3.864,3.6446,12.8474,5.9946,15.7178,59.4847,4.0816,22.293,14.4509,0.0,0.0,94.2211,356.5839,934.9677,90.9911,58.9827,322.153,5604.7107,1314.9001,616.0,51.95,48.05,Average performer
CA_STAR98_271,108.0,126.0,33.558,1.3791,0.8581,26.5094,17.5676,11.0236,50.7315,3.8348,21.023,0.0,0.0,0.0,193.6586,891.2286,559.2455,80.6189,0.0,0.0,9824.5838,0.0,234.0,46.15,53.85,Needs attention
CA_STAR98_272,151.0,81.0,21.4639,0.8784,0.4392,34.054,14.2857,16.4645,56.8374,4.969,20.9133,46.4844,0.0,0.0,235.2075,811.9619,935.8003,103.9174,230.9794,972.1404,13368.571,4830.5345,232.0,65.09,34.91,Average performer
CA_STAR98_273,193.0,495.0,51.2052,4.5503,3.4316,39.2642,10.049,13.2773,56.2343,3.7675,23.17,12.967,0.0,41.6667,133.4241,565.0997,746.6409,87.2931,48.8533,300.4462,7503.0096,1131.9323,688.0,28.05,71.95,Needs attention
CA_STAR98_274,55.0,65.0,42.1308,0.7831,0.2349,25.9201,1.7241,13.3818,49.5507,3.2824,21.3066,29.8701,0.0,0.0,23.072,85.4323,663.0756,69.9366,98.0454,636.4315,1143.2339,2089.0158,120.0,45.83,54.17,Needs attention
CA_STAR98_275,72.0,152.0,55.0073,0.674,1.2356,64.5886,18.1208,13.3273,55.5352,4.0084,24.0041,13.0719,0.0,0.0,241.502,1006.3419,740.1353,96.2183,52.3976,313.7791,13411.8506,1257.7564,224.0,32.14,67.86,Needs attention
CA_STAR98_276,359.0,374.0,42.6007,4.702,1.3669,32.5588,9.2213,14.9642,59.6452,3.9324,24.1786,21.4062,0.0,50.0,137.9892,550.007,892.5405,95.0802,84.1781,517.5738,8230.3932,2035.3108,733.0,48.98,51.02,Needs attention
CA_STAR98_277,31.0,89.0,53.9043,1.2214,1.4758,53.4351,14.7368,12.7086,51.2974,4.1099,21.6866,28.866,0.0,16.6667,187.2842,755.9611,651.9162,89.1302,118.6368,626.0055,9607.185,2572.8308,120.0,25.83,74.17,Needs attention
CA_STAR98_278,39.0,96.0,72.2977,12.3236,0.5972,45.3312,6.5217,12.3827,52.1943,4.3508,21.4438,17.7215,0.0,0.0,80.7565,340.3979,646.3053,93.2975,77.1027,380.0166,4215.0344,1653.3734,135.0,28.89,71.11,Needs attention
CA_STAR98_279,303.0,473.0,49.2564,13.2831,2.9396,25.5282,14.1079,15.0974,57.7776,4.1659,23.0617,24.2424,0.0,25.0,212.993,815.1189,872.2938,96.0735,100.9923,559.0717,12306.2166,2329.0545,776.0,39.05,60.95,Needs attention
CA_STAR98_280,79.0,128.0,49.1591,0.8763,1.8927,29.7582,3.5971,13.2434,55.3725,3.9414,20.9111,36.4238,0.0,0.0,47.6381,199.1815,733.3196,82.4187,143.5604,761.6618,2637.8402,3002.004,207.0,38.16,61.84,Needs attention
CA_STAR98_281,19.0,22.0,51.2931,0.1422,0.569,32.2902,2.5641,15.8122,53.2166,5.0456,19.6438,34.2105,0.0,0.0,40.5442,136.4529,841.4729,99.1145,172.6118,672.0262,2157.6232,3390.7592,41.0,46.34,53.66,Needs attention
CA_STAR98_282,23.0,20.0,60.146,0.4808,0.0,5.1282,5.5556,16.132,63.5078,6.4825,17.9083,42.4242,0.0,0.0,89.6225,352.8213,1024.5115,116.0901,275.0139,759.7464,5691.7309,4925.0335,43.0,53.49,46.51,Average performer
CA_STAR98_283,91.0,168.0,84.099,0.5629,0.2412,90.7264,18.7879,14.2174,58.3911,3.9529,22.7518,8.37,0.0,0.0,267.1146,1097.0452,830.1692,89.936,33.086,190.4339,15597.119,752.7681,259.0,35.14,64.86,Needs attention
CA_STAR98_284,96.0,246.0,74.5744,0.8956,0.2442,80.46,15.9817,12.9707,53.3049,3.6887,22.9648,16.4659,0.0,0.0,207.2937,851.905,691.3997,84.7112,60.7384,378.1344,11049.7708,1394.8424,342.0,28.07,71.93,Needs attention
CA_STAR98_285,40.0,210.0,76.5804,1.7212,0.0574,83.7636,23.6842,13.2849,58.3627,4.1153,22.6187,27.4286,0.0,0.0,314.6433,1382.2747,775.3451,93.0824,112.8762,620.3994,18363.4362,2553.1167,250.0,16.0,84.0,Needs attention
CA_STAR98_286,578.0,1172.0,44.8333,7.6212,1.9544,43.1352,12.7111,14.4732,58.323,4.0573,22.3127,35.9173,3.125,28.125,183.9711,741.3498,844.1231,90.5284,145.7257,801.4132,10729.7412,3251.5379,1750.0,33.03,66.97,Needs attention
CA_STAR98_287,26.0,124.0,72.6631,1.1925,0.2981,79.2589,13.1579,14.8141,58.0013,4.0817,21.106,36.1344,0.0,0.0,194.9218,763.1749,859.2349,86.1492,147.4912,762.6548,11305.7181,3112.954,150.0,17.33,82.67,Needs attention
CA_STAR98_288,23.0,111.0,92.3345,0.9336,0.1098,83.0313,17.1053,14.4024,61.3502,3.7925,22.9189,0.0,0.0,100.0,246.3565,1049.4113,883.589,86.919,0.0,0.0,15114.0202,0.0,134.0,17.16,82.84,Needs attention
CA_STAR98_289,31.0,22.0,36.7164,0.428,0.8559,4.7076,4.6512,13.2681,48.1605,4.6666,18.4267,70.2703,0.0,0.0,61.712,224.0022,638.9975,85.9892,327.9205,1294.8471,2972.0813,6042.4829,53.0,58.49,41.51,Average performer
CA_STAR98_290,59.0,207.0,51.8065,0.5472,0.4378,76.9083,15.528,15.024,56.926,3.8971,23.4847,30.6011,0.0,16.6667,233.2925,883.9438,855.2582,91.5219,119.2549,718.6589,13280.4066,2800.6707,266.0,22.18,77.82,Needs attention
CA_STAR98_291,204.0,100.0,23.2817,1.3663,0.8629,18.6481,8.1522,14.2214,56.808,3.8259,22.8772,35.5469,0.0,0.0,115.935,463.1088,807.8872,87.5266,136.0001,813.212,6586.0367,3111.2971,304.0,67.11,32.89,Average performer
CA_STAR98_292,736.0,602.0,15.6815,5.5222,1.6746,17.4398,6.9175,15.0002,57.2036,3.8316,23.2099,37.6872,0.0,0.0,103.7637,395.7042,858.0658,88.9303,144.4013,874.7144,5935.6498,3351.533,1338.0,55.01,44.99,Average performer
CA_STAR98_293,526.0,644.0,38.1582,2.9055,2.3549,33.4427,9.944,15.3526,56.4136,3.6991,24.8511,34.3634,0.0,22.2222,152.6654,560.9757,866.0928,91.926,127.1127,853.9692,8612.4074,3158.8919,1170.0,44.96,55.04,Needs attention
CA_STAR98_294,1088.0,343.0,12.327,5.6614,1.4852,14.5312,5.4054,15.7322,62.7502,4.2651,23.8103,41.1664,0.0,0.0,85.039,339.1905,987.2006,101.5542,175.5801,980.1847,5336.219,4180.618,1431.0,76.03,23.97,High performer
CA_STAR98_295,186.0,62.0,1.2471,6.0663,1.0006,2.3452,4.7297,12.2248,55.2088,4.0793,20.9885,74.3421,0.0,0.0,57.8202,261.1229,674.9198,85.6189,303.2657,1560.3284,3192.1884,6365.0899,248.0,75.0,25.0,High performer
CA_STAR98_296,284.0,232.0,23.4553,3.8616,1.8197,29.7819,10.3658,10.2872,54.403,4.1551,21.6526,21.1409,0.0,0.0,106.6359,563.9331,559.656,89.9682,87.8424,457.7555,5801.3098,1902.0124,516.0,55.04,44.96,Average performer
CA_STAR98_297,455.0,136.0,17.8988,10.491,3.3721,12.7003,14.9289,14.4377,49.7833,4.2547,20.0629,46.4203,0.0,0.0,215.5385,743.2106,718.7545,85.3618,197.5053,931.3244,10730.2213,3962.5217,591.0,76.99,23.01,High performer
CA_STAR98_298,17.0,42.0,49.2358,0.7795,1.6704,43.7639,4.1667,11.3609,50.4332,5.0392,19.5454,27.0833,0.0,0.0,47.3371,210.1382,572.9667,98.4935,136.4784,529.3559,2387.3615,2667.5317,59.0,28.81,71.19,Needs attention
CA_STAR98_299,96.0,246.0,62.2397,13.8209,3.9562,32.1288,15.8845,13.2709,52.8813,4.3242,20.9871,8.0,0.0,18.1818,210.8012,839.9924,701.7823,90.7519,34.5934,167.8969,11147.4471,726.0153,342.0,28.07,71.93,Needs attention
CA_STAR98_300,37.0,117.0,46.1619,1.1506,0.8004,45.6228,13.3333,11.8071,48.4262,3.9451,19.8583,53.7736,0.0,0.0,157.4285,645.6818,571.7743,78.3424,212.1405,1067.8519,7623.6559,4212.7494,154.0,24.03,75.97,Needs attention
CA_STAR98_301,208.0,387.0,43.4143,3.6486,1.5412,46.32,21.3777,14.4047,53.7962,3.8455,22.7088,29.8925,0.0,6.6667,307.9385,1150.0366,774.9165,87.3264,114.9509,678.8233,16565.9086,2610.4022,595.0,34.96,65.04,Needs attention
CA_STAR98_302,199.0,510.0,70.621,20.4617,2.9893,17.423,11.0329,16.5642,61.7057,3.971,24.8865,15.1429,0.0,13.6364,182.7505,680.7899,1022.1049,98.8238,60.132,376.8523,11276.7402,1496.4746,709.0,28.07,71.93,Needs attention
CA_STAR98_303,72.0,84.0,77.7483,5.9989,9.5762,11.1172,7.874,16.9187,65.0996,6.9134,20.0325,23.5294,0.0,0.0,133.2182,512.5951,1101.4007,138.4928,162.6682,471.3534,8672.4471,3258.653,156.0,46.15,53.85,Needs attention
